﻿<?xml version="1.0" encoding="utf-8"?>
<?xml-stylesheet type="text/xsl" href="c:\program files (x86)\microsoft visual studio 12.0\team tools\static analysis tools\fxcop\Xml\CodeAnalysisReport.xsl"?>
<FxCopReport Version="12.0">
 <Targets>
  <Target Name="C:\Users\stefan.STRICT\Source\Workspaces\StrICT\InFlow2014\InFlow\InFlow_Outlook2013\bin\Debug\InFlow_Outlook2013.dll">
   <Modules>
    <Module Name="inflow_outlook2013.dll">
     <Namespaces>
      <Namespace Name="InFlow_Outlook2013">
       <Types>
        <Type Name="CREDUI" Kind="Class" Accessibility="Public" ExternallyVisible="True">
         <Members>
          <Member Name="#ConfirmCredentials(System.String,System.Boolean)" Kind="Method" Static="True" Accessibility="Public" ExternallyVisible="True">
           <Messages>
            <Message TypeName="MovePInvokesToNativeMethodsClass" Category="Microsoft.Design" CheckId="CA1060" Status="Active" Created="2015-01-27 18:02:38Z" FixCategory="Breaking">
             <Issue Certainty="95" Level="CriticalWarning">Because it is a P/Invoke method, 'CREDUI.ConfirmCredentials(string, bool)' should be defined in a class named NativeMethods, SafeNativeMethods, or UnsafeNativeMethods.</Issue>
            </Message>
            <Message TypeName="PInvokesShouldNotBeVisible" Category="Microsoft.Interoperability" CheckId="CA1401" Status="Active" Created="2015-01-27 18:02:38Z" FixCategory="Breaking">
             <Issue Certainty="50" Level="CriticalError">Change the accessibility of P/Invoke 'CREDUI.ConfirmCredentials(string, bool)' so that it is no longer visible from outside its assembly.</Issue>
            </Message>
           </Messages>
          </Member>
          <Member Name="#PromptForCredentials(InFlow_Outlook2013.CREDUI+INFO&amp;,System.String,System.IntPtr,System.Int32,System.Text.StringBuilder,System.Int32,System.Text.StringBuilder,System.Int32,System.Int32&amp;,InFlow_Outlook2013.CREDUI+FLAGS)" Kind="Method" Static="True" Accessibility="Public" ExternallyVisible="True">
           <Messages>
            <Message TypeName="MovePInvokesToNativeMethodsClass" Category="Microsoft.Design" CheckId="CA1060" Status="Active" Created="2015-01-27 18:02:38Z" FixCategory="Breaking">
             <Issue Certainty="95" Level="CriticalWarning">Because it is a P/Invoke method, 'CREDUI.PromptForCredentials(ref CREDUI.INFO, string, IntPtr, int, StringBuilder, int, StringBuilder, int, ref int, CREDUI.FLAGS)' should be defined in a class named NativeMethods, SafeNativeMethods, or UnsafeNativeMethods.</Issue>
            </Message>
            <Message TypeName="PInvokesShouldNotBeVisible" Category="Microsoft.Interoperability" CheckId="CA1401" Status="Active" Created="2015-01-27 18:02:38Z" FixCategory="Breaking">
             <Issue Certainty="50" Level="CriticalError">Change the accessibility of P/Invoke 'CREDUI.PromptForCredentials(ref CREDUI.INFO, string, IntPtr, int, StringBuilder, int, StringBuilder, int, ref int, CREDUI.FLAGS)' so that it is no longer visible from outside its assembly.</Issue>
            </Message>
           </Messages>
          </Member>
         </Members>
        </Type>
        <Type Name="CREDUI+INFO" Kind="Struct" Accessibility="Public" ExternallyVisible="True">
         <Members>
          <Member Name="#hbmBanner" Kind="Field" Static="False" Accessibility="Public" ExternallyVisible="True">
           <Messages>
            <Message TypeName="PointersShouldNotBeVisible" Category="Microsoft.Security" CheckId="CA2111" Status="Active" Created="2015-01-27 18:02:38Z" FixCategory="Breaking">
             <Issue Certainty="75" Level="CriticalError">Make 'CREDUI.INFO.hbmBanner' private.</Issue>
            </Message>
           </Messages>
          </Member>
          <Member Name="#hwndParent" Kind="Field" Static="False" Accessibility="Public" ExternallyVisible="True">
           <Messages>
            <Message TypeName="PointersShouldNotBeVisible" Category="Microsoft.Security" CheckId="CA2111" Status="Active" Created="2015-01-27 18:02:38Z" FixCategory="Breaking">
             <Issue Certainty="75" Level="CriticalError">Make 'CREDUI.INFO.hwndParent' private.</Issue>
            </Message>
           </Messages>
          </Member>
         </Members>
        </Type>
        <Type Name="GDI32" Kind="Class" Accessibility="Public" ExternallyVisible="True">
         <Members>
          <Member Name="#DeleteObject(System.IntPtr)" Kind="Method" Static="True" Accessibility="Public" ExternallyVisible="True">
           <Messages>
            <Message TypeName="MovePInvokesToNativeMethodsClass" Category="Microsoft.Design" CheckId="CA1060" Status="Active" Created="2015-01-27 18:02:38Z" FixCategory="Breaking">
             <Issue Certainty="95" Level="CriticalWarning">Because it is a P/Invoke method, 'GDI32.DeleteObject(IntPtr)' should be defined in a class named NativeMethods, SafeNativeMethods, or UnsafeNativeMethods.</Issue>
            </Message>
            <Message TypeName="PInvokesShouldNotBeVisible" Category="Microsoft.Interoperability" CheckId="CA1401" Status="Active" Created="2015-01-27 18:02:38Z" FixCategory="Breaking">
             <Issue Certainty="50" Level="CriticalError">Change the accessibility of P/Invoke 'GDI32.DeleteObject(IntPtr)' so that it is no longer visible from outside its assembly.</Issue>
            </Message>
           </Messages>
          </Member>
         </Members>
        </Type>
       </Types>
      </Namespace>
     </Namespaces>
    </Module>
   </Modules>
  </Target>
 </Targets>
 <Rules>
  <Rule TypeName="MovePInvokesToNativeMethodsClass" Category="Microsoft.Design" CheckId="CA1060">
   <Name>Move P/Invokes to NativeMethods class</Name>
   <Description>This type contains members with the DllImport attribute. Members with the DllImport attribute should be contained in classes named NativeMethods, SafeNativeMethods, or UnsafeNativeMethods.</Description>
   <Resolution Name="Default">Because it is a P/Invoke method, {0} should be defined in a class named NativeMethods, SafeNativeMethods, or UnsafeNativeMethods.</Resolution>
   <Owner />
   <Url>http://msdn.microsoft.com/library/ms182161.aspx</Url>
   <Email>[none]</Email>
   <MessageLevel Certainty="95">CriticalWarning</MessageLevel>
   <File Name="designrules.dll" Version="12.0.0.0" />
  </Rule>
  <Rule TypeName="PInvokesShouldNotBeVisible" Category="Microsoft.Interoperability" CheckId="CA1401">
   <Name>P/Invokes should not be visible</Name>
   <Description>Interop layer should not be public. The DllImport attribute should not be applied to publicly accessible members (public or protected).</Description>
   <Resolution Name="Default">Change the accessibility of P/Invoke {0} so that it is no longer visible from outside its assembly.</Resolution>
   <Owner />
   <Url>http://msdn.microsoft.com/library/ms182209.aspx</Url>
   <Email>[none]</Email>
   <MessageLevel Certainty="50">CriticalError</MessageLevel>
   <File Name="interoperabilityrules.dll" Version="12.0.0.0" />
  </Rule>
  <Rule TypeName="PointersShouldNotBeVisible" Category="Microsoft.Security" CheckId="CA2111">
   <Name>Pointers should not be visible</Name>
   <Description>IntPtr and UIntPtr fields should be declared as private. Exposing non-private pointers can cause a security weakness.</Description>
   <Resolution Name="Default">Make {0} private.</Resolution>
   <Owner />
   <Url>http://msdn.microsoft.com/library/ms182306.aspx</Url>
   <Email>[none]</Email>
   <MessageLevel Certainty="75">CriticalError</MessageLevel>
   <File Name="securityrules.dll" Version="12.0.0.0" />
  </Rule>
 </Rules>
 <Localized>
  <String Key="Category">Category</String>
  <String Key="Certainty">Certainty</String>
  <String Key="CollapseAll">Collapse All</String>
  <String Key="CheckId">Check Id</String>
  <String Key="Error">Error</String>
  <String Key="Errors">error(s)</String>
  <String Key="ExpandAll">Expand All</String>
  <String Key="Help">Help</String>
  <String Key="Line">Line</String>
  <String Key="Messages">message(s)</String>
  <String Key="LocationNotStoredInPdb">[Location not stored in Pdb]</String>
  <String Key="Project">Project</String>
  <String Key="Resolution">Resolution</String>
  <String Key="Rule">Rule</String>
  <String Key="RuleFile">Rule File</String>
  <String Key="RuleDescription">Rule Description</String>
  <String Key="Source">Source</String>
  <String Key="Status">Status</String>
  <String Key="Target">Target</String>
  <String Key="Warning">Warning</String>
  <String Key="Warnings">warning(s)</String>
  <String Key="ReportTitle">Code Analysis Report</String>
 </Localized>
</FxCopReport>
